<?xml version="1.0" encoding="UTF-8"?>
<!-- IMPORTANT: This is an internal file that has been generated
     by the Xilinx ISE software.  Any direct editing or
     changes made to this file may result in unpredictable
     behavior or data corruption.  It is strongly advised that
     users do not edit the contents of this file. -->
<DeviceUsageSummary rev="8">
<DesignStatistics TimeStamp="Wed Dec 20 16:45:47 2023"><group name="NetStatistics">
<item name="NumNets_Active" rev="8">
<attrib name="value" value="3356"/></item>
<item name="NumNets_Gnd" rev="8">
<attrib name="value" value="1"/></item>
<item name="NumNets_Vcc" rev="8">
<attrib name="value" value="1"/></item>
<item name="NumNodesOfType_Active_BRAMADDR" rev="8">
<attrib name="value" value="226"/></item>
<item name="NumNodesOfType_Active_BRAMDUMMY" rev="8">
<attrib name="value" value="164"/></item>
<item name="NumNodesOfType_Active_CLKPIN" rev="8">
<attrib name="value" value="1504"/></item>
<item name="NumNodesOfType_Active_CNTRLPIN" rev="8">
<attrib name="value" value="2402"/></item>
<item name="NumNodesOfType_Active_DOUBLE" rev="8">
<attrib name="value" value="9907"/></item>
<item name="NumNodesOfType_Active_DUMMY" rev="8">
<attrib name="value" value="9184"/></item>
<item name="NumNodesOfType_Active_DUMMYBANK" rev="8">
<attrib name="value" value="224"/></item>
<item name="NumNodesOfType_Active_DUMMYESC" rev="8">
<attrib name="value" value="20"/></item>
<item name="NumNodesOfType_Active_GLOBAL" rev="8">
<attrib name="value" value="173"/></item>
<item name="NumNodesOfType_Active_HFULLHEX" rev="8">
<attrib name="value" value="214"/></item>
<item name="NumNodesOfType_Active_HLONG" rev="8">
<attrib name="value" value="40"/></item>
<item name="NumNodesOfType_Active_HUNIHEX" rev="8">
<attrib name="value" value="1016"/></item>
<item name="NumNodesOfType_Active_INPUT" rev="8">
<attrib name="value" value="10878"/></item>
<item name="NumNodesOfType_Active_IOBOUTPUT" rev="8">
<attrib name="value" value="23"/></item>
<item name="NumNodesOfType_Active_OMUX" rev="8">
<attrib name="value" value="3420"/></item>
<item name="NumNodesOfType_Active_OUTPUT" rev="8">
<attrib name="value" value="3268"/></item>
<item name="NumNodesOfType_Active_PREBXBY" rev="8">
<attrib name="value" value="3112"/></item>
<item name="NumNodesOfType_Active_VFULLHEX" rev="8">
<attrib name="value" value="641"/></item>
<item name="NumNodesOfType_Active_VLONG" rev="8">
<attrib name="value" value="189"/></item>
<item name="NumNodesOfType_Active_VUNIHEX" rev="8">
<attrib name="value" value="535"/></item>
<item name="NumNodesOfType_Gnd_BRAMADDR" rev="8">
<attrib name="value" value="208"/></item>
<item name="NumNodesOfType_Gnd_BRAMDUMMY" rev="8">
<attrib name="value" value="12"/></item>
<item name="NumNodesOfType_Gnd_CLKPIN" rev="8">
<attrib name="value" value="16"/></item>
<item name="NumNodesOfType_Gnd_CNTRLPIN" rev="8">
<attrib name="value" value="257"/></item>
<item name="NumNodesOfType_Gnd_DOUBLE" rev="8">
<attrib name="value" value="134"/></item>
<item name="NumNodesOfType_Gnd_DUMMY" rev="8">
<attrib name="value" value="180"/></item>
<item name="NumNodesOfType_Gnd_DUMMYBANK" rev="8">
<attrib name="value" value="33"/></item>
<item name="NumNodesOfType_Gnd_INPUT" rev="8">
<attrib name="value" value="205"/></item>
<item name="NumNodesOfType_Gnd_OMUX" rev="8">
<attrib name="value" value="171"/></item>
<item name="NumNodesOfType_Gnd_OUTPUT" rev="8">
<attrib name="value" value="62"/></item>
<item name="NumNodesOfType_Gnd_PREBXBY" rev="8">
<attrib name="value" value="18"/></item>
<item name="NumNodesOfType_Gnd_VFULLHEX" rev="8">
<attrib name="value" value="8"/></item>
<item name="NumNodesOfType_Gnd_VUNIHEX" rev="8">
<attrib name="value" value="2"/></item>
<item name="NumNodesOfType_Vcc_CNTRLPIN" rev="8">
<attrib name="value" value="18"/></item>
<item name="NumNodesOfType_Vcc_DUMMY" rev="8">
<attrib name="value" value="26"/></item>
<item name="NumNodesOfType_Vcc_INPUT" rev="8">
<attrib name="value" value="69"/></item>
<item name="NumNodesOfType_Vcc_PREBXBY" rev="8">
<attrib name="value" value="43"/></item>
<item name="NumNodesOfType_Vcc_VCCOUT" rev="8">
<attrib name="value" value="60"/></item>
</group>
<group name="SiteStatistics">
<item name="IOB-DIFFM" rev="8">
<attrib name="value" value="15"/></item>
<item name="IOB-DIFFS" rev="8">
<attrib name="value" value="16"/></item>
<item name="SLICEL-SLICEM" rev="8">
<attrib name="value" value="677"/></item>
</group>
<group name="MiscellaneousStatistics">
<item name="AGG_BONDED_IO" rev="7">
<attrib name="value" value="33"/></item>
<item name="AGG_IO" rev="7">
<attrib name="value" value="33"/></item>
<item name="AGG_SLICE" rev="7">
<attrib name="value" value="1821"/></item>
<item name="NUM_4_INPUT_LUT" rev="7">
<attrib name="value" value="2802"/></item>
<item name="NUM_BONDED_IOB" rev="7">
<attrib name="value" value="33"/></item>
<item name="NUM_BUFGMUX" rev="7">
<attrib name="value" value="2"/></item>
<item name="NUM_CYMUX" rev="7">
<attrib name="value" value="359"/></item>
<item name="NUM_DP_RAM" rev="7">
<attrib name="value" value="528"/></item>
<item name="NUM_IOB_FF" rev="7">
<attrib name="value" value="21"/></item>
<item name="NUM_LUT_RT" rev="7">
<attrib name="value" value="65"/></item>
<item name="NUM_MULT18X18" rev="7">
<attrib name="value" value="3"/></item>
<item name="NUM_MULTAND" rev="7">
<attrib name="value" value="33"/></item>
<item name="NUM_RAMB16" rev="7">
<attrib name="value" value="17"/></item>
<item name="NUM_SHIFT" rev="7">
<attrib name="value" value="100"/></item>
<item name="NUM_SLICEL" rev="7">
<attrib name="value" value="1497"/></item>
<item name="NUM_SLICEM" rev="7">
<attrib name="value" value="324"/></item>
<item name="NUM_SLICE_FF" rev="7">
<attrib name="value" value="1460"/></item>
<item name="NUM_XOR" rev="7">
<attrib name="value" value="240"/></item>
<item name="Xilinx Core bram_block_0_elaborate_v1_00_a" rev="7">
<attrib name="value" value="1"/></item>
<item name="Xilinx Core microblaze_v8_30_a" rev="7">
<attrib name="value" value="1"/></item>
<item name="Xilinx Core plb_v46_v1_05_a" rev="7">
<attrib name="value" value="1"/></item>
<item name="Xilinx Core xps_bram_if_cntlr_v1_00_b" rev="7">
<attrib name="value" value="1"/></item>
<item name="Xilinx Core xps_gpio_v2_00_a" rev="7">
<attrib name="value" value="2"/></item>
<item name="Xilinx Core xps_uartlite_v1_02_a" rev="7">
<attrib name="value" value="1"/></item>
</group>
</DesignStatistics>
<DeviceUsage TimeStamp="Wed Dec 20 16:45:47 2023"><group name="SiteSummary">
<item name="BUFGMUX" rev="8">
<attrib name="total" value="1000000"/><attrib name="used" value="2"/></item>
<item name="BUFGMUX_GCLKMUX" rev="8">
<attrib name="total" value="1000000"/><attrib name="used" value="2"/></item>
<item name="BUFGMUX_GCLK_BUFFER" rev="8">
<attrib name="total" value="1000000"/><attrib name="used" value="2"/></item>
<item name="IOB" rev="8">
<attrib name="total" value="1000000"/><attrib name="used" value="33"/></item>
<item name="IOB_DELAY" rev="8">
<attrib name="total" value="1000000"/><attrib name="used" value="2"/></item>
<item name="IOB_IFF1" rev="8">
<attrib name="total" value="1000000"/><attrib name="used" value="2"/></item>
<item name="IOB_IFF2" rev="8">
<attrib name="total" value="1000000"/><attrib name="used" value="1"/></item>
<item name="IOB_INBUF" rev="8">
<attrib name="total" value="1000000"/><attrib name="used" value="21"/></item>
<item name="IOB_OFF1" rev="8">
<attrib name="total" value="1000000"/><attrib name="used" value="18"/></item>
<item name="IOB_OUTBUF" rev="8">
<attrib name="total" value="1000000"/><attrib name="used" value="28"/></item>
<item name="IOB_PAD" rev="8">
<attrib name="total" value="1000000"/><attrib name="used" value="33"/></item>
<item name="MULT18X18" rev="8">
<attrib name="total" value="1000000"/><attrib name="used" value="3"/></item>
<item name="MULT18X18_BLACKBOX" rev="8">
<attrib name="total" value="1000000"/><attrib name="used" value="3"/></item>
<item name="RAMB16" rev="8">
<attrib name="total" value="1000000"/><attrib name="used" value="17"/></item>
<item name="RAMB16_RAMB16" rev="8">
<attrib name="total" value="1000000"/><attrib name="used" value="17"/></item>
<item name="RAMB16_RAMB16A" rev="8">
<attrib name="total" value="1000000"/><attrib name="used" value="17"/></item>
<item name="RAMB16_RAMB16B" rev="8">
<attrib name="total" value="1000000"/><attrib name="used" value="17"/></item>
<item name="SLICEL" rev="8">
<attrib name="total" value="1000000"/><attrib name="used" value="1497"/></item>
<item name="SLICEL_C1VDD" rev="8">
<attrib name="total" value="1000000"/><attrib name="used" value="6"/></item>
<item name="SLICEL_C2VDD" rev="8">
<attrib name="total" value="1000000"/><attrib name="used" value="5"/></item>
<item name="SLICEL_CYMUXF" rev="8">
<attrib name="total" value="1000000"/><attrib name="used" value="187"/></item>
<item name="SLICEL_CYMUXG" rev="8">
<attrib name="total" value="1000000"/><attrib name="used" value="172"/></item>
<item name="SLICEL_F" rev="8">
<attrib name="total" value="1000000"/><attrib name="used" value="1019"/></item>
<item name="SLICEL_F5MUX" rev="8">
<attrib name="total" value="1000000"/><attrib name="used" value="315"/></item>
<item name="SLICEL_F6MUX" rev="8">
<attrib name="total" value="1000000"/><attrib name="used" value="9"/></item>
<item name="SLICEL_FAND" rev="8">
<attrib name="total" value="1000000"/><attrib name="used" value="16"/></item>
<item name="SLICEL_FFX" rev="8">
<attrib name="total" value="1000000"/><attrib name="used" value="655"/></item>
<item name="SLICEL_FFY" rev="8">
<attrib name="total" value="1000000"/><attrib name="used" value="789"/></item>
<item name="SLICEL_G" rev="8">
<attrib name="total" value="1000000"/><attrib name="used" value="1155"/></item>
<item name="SLICEL_GAND" rev="8">
<attrib name="total" value="1000000"/><attrib name="used" value="17"/></item>
<item name="SLICEL_GNDF" rev="8">
<attrib name="total" value="1000000"/><attrib name="used" value="106"/></item>
<item name="SLICEL_GNDG" rev="8">
<attrib name="total" value="1000000"/><attrib name="used" value="98"/></item>
<item name="SLICEL_VDDF" rev="8">
<attrib name="total" value="1000000"/><attrib name="used" value="1"/></item>
<item name="SLICEL_VDDG" rev="8">
<attrib name="total" value="1000000"/><attrib name="used" value="2"/></item>
<item name="SLICEL_XORF" rev="8">
<attrib name="total" value="1000000"/><attrib name="used" value="121"/></item>
<item name="SLICEL_XORG" rev="8">
<attrib name="total" value="1000000"/><attrib name="used" value="119"/></item>
<item name="SLICEM" rev="8">
<attrib name="total" value="1000000"/><attrib name="used" value="324"/></item>
<item name="SLICEM_F" rev="8">
<attrib name="total" value="1000000"/><attrib name="used" value="304"/></item>
<item name="SLICEM_FFY" rev="8">
<attrib name="total" value="1000000"/><attrib name="used" value="16"/></item>
<item name="SLICEM_G" rev="8">
<attrib name="total" value="1000000"/><attrib name="used" value="324"/></item>
<item name="SLICEM_WSGEN" rev="8">
<attrib name="total" value="1000000"/><attrib name="used" value="324"/></item>
</group>
</DeviceUsage>
<ReportConfigData TimeStamp="Wed Dec 20 16:45:47 2023"><group name="MULT18X18_BLACKBOX">
<item name="CE" rev="8">
<attrib name="CE" value="3"/><attrib name="CE_INV" value="0"/></item>
<item name="CLK" rev="8">
<attrib name="CLK" value="3"/><attrib name="CLK_INV" value="0"/></item>
<item name="RST" rev="8">
<attrib name="RST" value="3"/><attrib name="RST_INV" value="0"/></item>
</group>
<group name="SLICEL_CYMUXF">
<item name="0" rev="8">
<attrib name="0" value="186"/><attrib name="0_INV" value="0"/></item>
<item name="1" rev="8">
<attrib name="1_INV" value="0"/><attrib name="1" value="187"/></item>
</group>
<group name="SLICEL_CYMUXG">
<item name="0" rev="8">
<attrib name="0" value="170"/><attrib name="0_INV" value="0"/></item>
</group>
<group name="SLICEM_F">
<item name="DI" rev="8">
<attrib name="DI" value="304"/><attrib name="DI_INV" value="0"/></item>
<item name="F_ATTR" rev="8">
<attrib name="DUAL_PORT" value="264"/><attrib name="SHIFT_REG" value="40"/></item>
<item name="LUT_OR_MEM" rev="8">
<attrib name="RAM" value="304"/></item>
</group>
<group name="SLICEM_G">
<item name="DI" rev="8">
<attrib name="DI" value="324"/><attrib name="DI_INV" value="0"/></item>
<item name="G_ATTR" rev="8">
<attrib name="DUAL_PORT" value="264"/><attrib name="SHIFT_REG" value="60"/></item>
<item name="LUT_OR_MEM" rev="8">
<attrib name="RAM" value="324"/></item>
</group>
<group name="SLICEL">
<item name="BX" rev="8">
<attrib name="BX_INV" value="0"/><attrib name="BX" value="502"/></item>
<item name="BY" rev="8">
<attrib name="BY" value="522"/><attrib name="BY_INV" value="11"/></item>
<item name="CE" rev="8">
<attrib name="CE" value="645"/><attrib name="CE_INV" value="8"/></item>
<item name="CIN" rev="8">
<attrib name="CIN_INV" value="0"/><attrib name="CIN" value="158"/></item>
<item name="CLK" rev="8">
<attrib name="CLK" value="1138"/><attrib name="CLK_INV" value="0"/></item>
<item name="SR" rev="8">
<attrib name="SR" value="1105"/><attrib name="SR_INV" value="0"/></item>
</group>
<group name="SLICEM">
<item name="BX" rev="8">
<attrib name="BX_INV" value="0"/><attrib name="BX" value="40"/></item>
<item name="BY" rev="8">
<attrib name="BY" value="324"/><attrib name="BY_INV" value="0"/></item>
<item name="CLK" rev="8">
<attrib name="CLK" value="324"/><attrib name="CLK_INV" value="0"/></item>
<item name="SR" rev="8">
<attrib name="SR" value="324"/><attrib name="SR_INV" value="0"/></item>
</group>
<group name="SLICEL_F6MUX">
<item name="S0" rev="8">
<attrib name="S0" value="9"/><attrib name="S0_INV" value="0"/></item>
</group>
<group name="RAMB16">
<item name="CLKA" rev="8">
<attrib name="CLKA_INV" value="0"/><attrib name="CLKA" value="17"/></item>
<item name="CLKB" rev="8">
<attrib name="CLKB_INV" value="0"/><attrib name="CLKB" value="17"/></item>
<item name="ENA" rev="8">
<attrib name="ENA_INV" value="0"/><attrib name="ENA" value="17"/></item>
<item name="ENB" rev="8">
<attrib name="ENB_INV" value="0"/><attrib name="ENB" value="17"/></item>
<item name="SSRA" rev="8">
<attrib name="SSRA_INV" value="0"/><attrib name="SSRA" value="17"/></item>
<item name="SSRB" rev="8">
<attrib name="SSRB_INV" value="0"/><attrib name="SSRB" value="17"/></item>
<item name="WEA" rev="8">
<attrib name="WEA" value="17"/><attrib name="WEA_INV" value="0"/></item>
<item name="WEB" rev="8">
<attrib name="WEB" value="17"/><attrib name="WEB_INV" value="0"/></item>
</group>
<group name="IOB_OFF1">
<item name="CE" rev="8">
<attrib name="CE" value="16"/><attrib name="CE_INV" value="0"/></item>
<item name="CK" rev="8">
<attrib name="CK" value="18"/><attrib name="CK_INV" value="0"/></item>
<item name="D" rev="8">
<attrib name="D" value="18"/><attrib name="D_INV" value="0"/></item>
<item name="LATCH_OR_FF" rev="8">
<attrib name="FF" value="18"/></item>
<item name="OFF1_INIT_ATTR" rev="8">
<attrib name="INIT0" value="16"/><attrib name="INIT1" value="2"/></item>
<item name="OFF1_SR_ATTR" rev="8">
<attrib name="SRLOW" value="16"/><attrib name="SRHIGH" value="2"/></item>
<item name="OFFATTRBOX" rev="8">
<attrib name="ASYNC" value="1"/><attrib name="SYNC" value="17"/></item>
<item name="SR" rev="8">
<attrib name="SR" value="18"/><attrib name="SR_INV" value="0"/></item>
</group>
<group name="IOB_OUTBUF">
<item name="IN" rev="8">
<attrib name="IN_INV" value="0"/><attrib name="IN" value="28"/></item>
<item name="TRI" rev="8">
<attrib name="TRI_INV" value="0"/><attrib name="TRI" value="16"/></item>
</group>
<group name="RAMB16_RAMB16A">
<item name="CLKA" rev="8">
<attrib name="CLKA_INV" value="0"/><attrib name="CLKA" value="17"/></item>
<item name="ENA" rev="8">
<attrib name="ENA_INV" value="0"/><attrib name="ENA" value="17"/></item>
<item name="PORTA_ATTR" rev="8">
<attrib name="512X36" value="1"/><attrib name="8192X2" value="16"/></item>
<item name="SSRA" rev="8">
<attrib name="SSRA_INV" value="0"/><attrib name="SSRA" value="17"/></item>
<item name="WEA" rev="8">
<attrib name="WEA" value="17"/><attrib name="WEA_INV" value="0"/></item>
<item name="WRITEMODEA" rev="8">
<attrib name="WRITE_FIRST" value="17"/></item>
</group>
<group name="RAMB16_RAMB16B">
<item name="CLKB" rev="8">
<attrib name="CLKB_INV" value="0"/><attrib name="CLKB" value="17"/></item>
<item name="ENB" rev="8">
<attrib name="ENB_INV" value="0"/><attrib name="ENB" value="17"/></item>
<item name="PORTB_ATTR" rev="8">
<attrib name="512X36" value="1"/><attrib name="8192X2" value="16"/></item>
<item name="SSRB" rev="8">
<attrib name="SSRB_INV" value="0"/><attrib name="SSRB" value="17"/></item>
<item name="WEB" rev="8">
<attrib name="WEB" value="17"/><attrib name="WEB_INV" value="0"/></item>
<item name="WRITEMODEB" rev="8">
<attrib name="WRITE_FIRST" value="17"/></item>
</group>
<group name="IOB_IFF1">
<item name="CK" rev="8">
<attrib name="CK" value="2"/><attrib name="CK_INV" value="0"/></item>
<item name="IFF1_INIT_ATTR" rev="8">
<attrib name="INIT1" value="2"/></item>
<item name="IFF1_SR_ATTR" rev="8">
<attrib name="SRHIGH" value="1"/></item>
<item name="IFFATTRBOX" rev="8">
<attrib name="SYNC" value="1"/></item>
<item name="LATCH_OR_FF" rev="8">
<attrib name="FF" value="2"/></item>
<item name="SR" rev="8">
<attrib name="SR" value="1"/><attrib name="SR_INV" value="0"/></item>
</group>
<group name="IOB_IFF2">
<item name="CK" rev="8">
<attrib name="CK" value="1"/><attrib name="CK_INV" value="0"/></item>
<item name="IFF2_INIT_ATTR" rev="8">
<attrib name="INIT1" value="1"/></item>
<item name="LATCH_OR_FF" rev="8">
<attrib name="FF" value="1"/></item>
</group>
<group name="MULT18X18">
<item name="CE" rev="8">
<attrib name="CE" value="3"/><attrib name="CE_INV" value="0"/></item>
<item name="CLK" rev="8">
<attrib name="CLK" value="3"/><attrib name="CLK_INV" value="0"/></item>
<item name="RST" rev="8">
<attrib name="RST" value="3"/><attrib name="RST_INV" value="0"/></item>
</group>
<group name="SLICEL_FFX">
<item name="CE" rev="8">
<attrib name="CE" value="397"/><attrib name="CE_INV" value="5"/></item>
<item name="CK" rev="8">
<attrib name="CK" value="655"/><attrib name="CK_INV" value="0"/></item>
<item name="D" rev="8">
<attrib name="D" value="655"/><attrib name="D_INV" value="0"/></item>
<item name="FFX_INIT_ATTR" rev="8">
<attrib name="INIT0" value="613"/><attrib name="INIT1" value="42"/></item>
<item name="FFX_SR_ATTR" rev="8">
<attrib name="SRLOW" value="607"/><attrib name="SRHIGH" value="48"/></item>
<item name="LATCH_OR_FF" rev="8">
<attrib name="FF" value="655"/></item>
<item name="REV" rev="8">
<attrib name="REV_INV" value="0"/><attrib name="REV" value="6"/></item>
<item name="SR" rev="8">
<attrib name="SR" value="633"/><attrib name="SR_INV" value="0"/></item>
<item name="SYNC_ATTR" rev="8">
<attrib name="ASYNC" value="72"/><attrib name="SYNC" value="583"/></item>
</group>
<group name="SLICEL_XORF">
<item name="1" rev="8">
<attrib name="1_INV" value="0"/><attrib name="1" value="121"/></item>
</group>
<group name="SLICEL_FFY">
<item name="CE" rev="8">
<attrib name="CE" value="434"/><attrib name="CE_INV" value="3"/></item>
<item name="CK" rev="8">
<attrib name="CK" value="789"/><attrib name="CK_INV" value="0"/></item>
<item name="D" rev="8">
<attrib name="D" value="778"/><attrib name="D_INV" value="11"/></item>
<item name="FFY_INIT_ATTR" rev="8">
<attrib name="INIT0" value="709"/><attrib name="INIT1" value="80"/></item>
<item name="FFY_SR_ATTR" rev="8">
<attrib name="SRLOW" value="714"/><attrib name="SRHIGH" value="75"/></item>
<item name="LATCH_OR_FF" rev="8">
<attrib name="FF" value="789"/></item>
<item name="REV" rev="8">
<attrib name="REV_INV" value="0"/><attrib name="REV" value="15"/></item>
<item name="SR" rev="8">
<attrib name="SR" value="767"/><attrib name="SR_INV" value="0"/></item>
<item name="SYNC_ATTR" rev="8">
<attrib name="ASYNC" value="78"/><attrib name="SYNC" value="711"/></item>
</group>
<group name="BUFGMUX_GCLKMUX">
<item name="DISABLE_ATTR" rev="8">
<attrib name="LOW" value="2"/></item>
<item name="S" rev="8">
<attrib name="S_INV" value="2"/><attrib name="S" value="0"/></item>
</group>
<group name="SLICEL_F5MUX">
<item name="S0" rev="8">
<attrib name="S0" value="315"/><attrib name="S0_INV" value="0"/></item>
</group>
<group name="SLICEM_WSGEN">
<item name="CK" rev="8">
<attrib name="CK" value="324"/><attrib name="CK_INV" value="0"/></item>
<item name="SYNC_ATTR" rev="8">
<attrib name="ASYNC" value="16"/></item>
<item name="WE" rev="8">
<attrib name="WE_INV" value="0"/><attrib name="WE" value="324"/></item>
</group>
<group name="SLICEM_FFY">
<item name="CK" rev="8">
<attrib name="CK" value="16"/><attrib name="CK_INV" value="0"/></item>
<item name="D" rev="8">
<attrib name="D" value="16"/><attrib name="D_INV" value="0"/></item>
<item name="FFY_INIT_ATTR" rev="8">
<attrib name="INIT0" value="16"/></item>
<item name="FFY_SR_ATTR" rev="8">
<attrib name="SRLOW" value="16"/></item>
<item name="LATCH_OR_FF" rev="8">
<attrib name="FF" value="16"/></item>
<item name="SYNC_ATTR" rev="8">
<attrib name="ASYNC" value="16"/></item>
</group>
<group name="IOB_PAD">
<item name="DRIVEATTRBOX" rev="8">
<attrib name="12" value="28"/></item>
<item name="IOATTRBOX" rev="8">
<attrib name="LVCMOS25" value="33"/></item>
<item name="SLEW" rev="8">
<attrib name="SLOW" value="28"/></item>
</group>
<group name="IOB">
<item name="ICLK1" rev="8">
<attrib name="ICLK1_INV" value="0"/><attrib name="ICLK1" value="2"/></item>
<item name="ICLK2" rev="8">
<attrib name="ICLK2_INV" value="0"/><attrib name="ICLK2" value="1"/></item>
<item name="O1" rev="8">
<attrib name="O1_INV" value="0"/><attrib name="O1" value="28"/></item>
<item name="OCE" rev="8">
<attrib name="OCE" value="16"/><attrib name="OCE_INV" value="0"/></item>
<item name="OTCLK1" rev="8">
<attrib name="OTCLK1_INV" value="0"/><attrib name="OTCLK1" value="18"/></item>
<item name="SR" rev="8">
<attrib name="SR" value="19"/><attrib name="SR_INV" value="0"/></item>
<item name="T1" rev="8">
<attrib name="T1_INV" value="0"/><attrib name="T1" value="16"/></item>
</group>
<group name="BUFGMUX">
<item name="S" rev="8">
<attrib name="S_INV" value="2"/><attrib name="S" value="0"/></item>
</group>
</ReportConfigData>
<ReportPinData TimeStamp="Wed Dec 20 16:45:47 2023"><group name="MULT18X18_BLACKBOX">
<item name="A0" rev="8">
<attrib name="value" value="3"/></item>
<item name="A1" rev="8">
<attrib name="value" value="3"/></item>
<item name="A10" rev="8">
<attrib name="value" value="3"/></item>
<item name="A11" rev="8">
<attrib name="value" value="3"/></item>
<item name="A12" rev="8">
<attrib name="value" value="3"/></item>
<item name="A13" rev="8">
<attrib name="value" value="3"/></item>
<item name="A14" rev="8">
<attrib name="value" value="3"/></item>
<item name="A15" rev="8">
<attrib name="value" value="3"/></item>
<item name="A16" rev="8">
<attrib name="value" value="3"/></item>
<item name="A17" rev="8">
<attrib name="value" value="3"/></item>
<item name="A2" rev="8">
<attrib name="value" value="3"/></item>
<item name="A3" rev="8">
<attrib name="value" value="3"/></item>
<item name="A4" rev="8">
<attrib name="value" value="3"/></item>
<item name="A5" rev="8">
<attrib name="value" value="3"/></item>
<item name="A6" rev="8">
<attrib name="value" value="3"/></item>
<item name="A7" rev="8">
<attrib name="value" value="3"/></item>
<item name="A8" rev="8">
<attrib name="value" value="3"/></item>
<item name="A9" rev="8">
<attrib name="value" value="3"/></item>
<item name="B0" rev="8">
<attrib name="value" value="3"/></item>
<item name="B1" rev="8">
<attrib name="value" value="3"/></item>
<item name="B10" rev="8">
<attrib name="value" value="3"/></item>
<item name="B11" rev="8">
<attrib name="value" value="3"/></item>
<item name="B12" rev="8">
<attrib name="value" value="3"/></item>
<item name="B13" rev="8">
<attrib name="value" value="3"/></item>
<item name="B14" rev="8">
<attrib name="value" value="3"/></item>
<item name="B15" rev="8">
<attrib name="value" value="3"/></item>
<item name="B16" rev="8">
<attrib name="value" value="3"/></item>
<item name="B17" rev="8">
<attrib name="value" value="3"/></item>
<item name="B2" rev="8">
<attrib name="value" value="3"/></item>
<item name="B3" rev="8">
<attrib name="value" value="3"/></item>
<item name="B4" rev="8">
<attrib name="value" value="3"/></item>
<item name="B5" rev="8">
<attrib name="value" value="3"/></item>
<item name="B6" rev="8">
<attrib name="value" value="3"/></item>
<item name="B7" rev="8">
<attrib name="value" value="3"/></item>
<item name="B8" rev="8">
<attrib name="value" value="3"/></item>
<item name="B9" rev="8">
<attrib name="value" value="3"/></item>
<item name="CE" rev="8">
<attrib name="value" value="3"/></item>
<item name="CLK" rev="8">
<attrib name="value" value="3"/></item>
<item name="P0" rev="8">
<attrib name="value" value="3"/></item>
<item name="P1" rev="8">
<attrib name="value" value="3"/></item>
<item name="P10" rev="8">
<attrib name="value" value="3"/></item>
<item name="P11" rev="8">
<attrib name="value" value="3"/></item>
<item name="P12" rev="8">
<attrib name="value" value="3"/></item>
<item name="P13" rev="8">
<attrib name="value" value="3"/></item>
<item name="P14" rev="8">
<attrib name="value" value="3"/></item>
<item name="P15" rev="8">
<attrib name="value" value="3"/></item>
<item name="P16" rev="8">
<attrib name="value" value="1"/></item>
<item name="P17" rev="8">
<attrib name="value" value="1"/></item>
<item name="P18" rev="8">
<attrib name="value" value="1"/></item>
<item name="P19" rev="8">
<attrib name="value" value="1"/></item>
<item name="P2" rev="8">
<attrib name="value" value="3"/></item>
<item name="P20" rev="8">
<attrib name="value" value="1"/></item>
<item name="P21" rev="8">
<attrib name="value" value="1"/></item>
<item name="P22" rev="8">
<attrib name="value" value="1"/></item>
<item name="P23" rev="8">
<attrib name="value" value="1"/></item>
<item name="P24" rev="8">
<attrib name="value" value="1"/></item>
<item name="P25" rev="8">
<attrib name="value" value="1"/></item>
<item name="P26" rev="8">
<attrib name="value" value="1"/></item>
<item name="P27" rev="8">
<attrib name="value" value="1"/></item>
<item name="P28" rev="8">
<attrib name="value" value="1"/></item>
<item name="P29" rev="8">
<attrib name="value" value="1"/></item>
<item name="P3" rev="8">
<attrib name="value" value="3"/></item>
<item name="P30" rev="8">
<attrib name="value" value="1"/></item>
<item name="P31" rev="8">
<attrib name="value" value="1"/></item>
<item name="P4" rev="8">
<attrib name="value" value="3"/></item>
<item name="P5" rev="8">
<attrib name="value" value="3"/></item>
<item name="P6" rev="8">
<attrib name="value" value="3"/></item>
<item name="P7" rev="8">
<attrib name="value" value="3"/></item>
<item name="P8" rev="8">
<attrib name="value" value="3"/></item>
<item name="P9" rev="8">
<attrib name="value" value="3"/></item>
<item name="RST" rev="8">
<attrib name="value" value="3"/></item>
</group>
<group name="SLICEL_CYMUXF">
<item name="0" rev="8">
<attrib name="value" value="186"/></item>
<item name="1" rev="8">
<attrib name="value" value="187"/></item>
<item name="OUT" rev="8">
<attrib name="value" value="187"/></item>
<item name="S0" rev="8">
<attrib name="value" value="187"/></item>
</group>
<group name="SLICEL_CYMUXG">
<item name="0" rev="8">
<attrib name="value" value="170"/></item>
<item name="1" rev="8">
<attrib name="value" value="172"/></item>
<item name="OUT" rev="8">
<attrib name="value" value="172"/></item>
<item name="S0" rev="8">
<attrib name="value" value="172"/></item>
</group>
<group name="SLICEM_F">
<item name="A1" rev="8">
<attrib name="value" value="304"/></item>
<item name="A2" rev="8">
<attrib name="value" value="304"/></item>
<item name="A3" rev="8">
<attrib name="value" value="304"/></item>
<item name="A4" rev="8">
<attrib name="value" value="304"/></item>
<item name="D" rev="8">
<attrib name="value" value="304"/></item>
<item name="DI" rev="8">
<attrib name="value" value="304"/></item>
<item name="WF1" rev="8">
<attrib name="value" value="264"/></item>
<item name="WF2" rev="8">
<attrib name="value" value="264"/></item>
<item name="WF3" rev="8">
<attrib name="value" value="264"/></item>
<item name="WF4" rev="8">
<attrib name="value" value="264"/></item>
<item name="WS" rev="8">
<attrib name="value" value="304"/></item>
</group>
<group name="SLICEM_G">
<item name="A1" rev="8">
<attrib name="value" value="324"/></item>
<item name="A2" rev="8">
<attrib name="value" value="324"/></item>
<item name="A3" rev="8">
<attrib name="value" value="324"/></item>
<item name="A4" rev="8">
<attrib name="value" value="324"/></item>
<item name="D" rev="8">
<attrib name="value" value="60"/></item>
<item name="DI" rev="8">
<attrib name="value" value="324"/></item>
<item name="WG1" rev="8">
<attrib name="value" value="264"/></item>
<item name="WG2" rev="8">
<attrib name="value" value="264"/></item>
<item name="WG3" rev="8">
<attrib name="value" value="264"/></item>
<item name="WG4" rev="8">
<attrib name="value" value="264"/></item>
<item name="WS" rev="8">
<attrib name="value" value="324"/></item>
</group>
<group name="BUFGMUX_GCLK_BUFFER">
<item name="IN" rev="8">
<attrib name="value" value="2"/></item>
<item name="OUT" rev="8">
<attrib name="value" value="2"/></item>
</group>
<group name="SLICEL">
<item name="BX" rev="8">
<attrib name="value" value="502"/></item>
<item name="BY" rev="8">
<attrib name="value" value="533"/></item>
<item name="CE" rev="8">
<attrib name="value" value="653"/></item>
<item name="CIN" rev="8">
<attrib name="value" value="158"/></item>
<item name="CLK" rev="8">
<attrib name="value" value="1138"/></item>
<item name="COUT" rev="8">
<attrib name="value" value="172"/></item>
<item name="F1" rev="8">
<attrib name="value" value="998"/></item>
<item name="F2" rev="8">
<attrib name="value" value="952"/></item>
<item name="F3" rev="8">
<attrib name="value" value="850"/></item>
<item name="F4" rev="8">
<attrib name="value" value="460"/></item>
<item name="F5" rev="8">
<attrib name="value" value="18"/></item>
<item name="FXINA" rev="8">
<attrib name="value" value="9"/></item>
<item name="FXINB" rev="8">
<attrib name="value" value="9"/></item>
<item name="G1" rev="8">
<attrib name="value" value="1149"/></item>
<item name="G2" rev="8">
<attrib name="value" value="1116"/></item>
<item name="G3" rev="8">
<attrib name="value" value="890"/></item>
<item name="G4" rev="8">
<attrib name="value" value="444"/></item>
<item name="SR" rev="8">
<attrib name="value" value="1105"/></item>
<item name="X" rev="8">
<attrib name="value" value="551"/></item>
<item name="XB" rev="8">
<attrib name="value" value="12"/></item>
<item name="XQ" rev="8">
<attrib name="value" value="655"/></item>
<item name="Y" rev="8">
<attrib name="value" value="593"/></item>
<item name="YQ" rev="8">
<attrib name="value" value="789"/></item>
</group>
<group name="SLICEM">
<item name="BX" rev="8">
<attrib name="value" value="40"/></item>
<item name="BY" rev="8">
<attrib name="value" value="324"/></item>
<item name="CLK" rev="8">
<attrib name="value" value="324"/></item>
<item name="F1" rev="8">
<attrib name="value" value="304"/></item>
<item name="F2" rev="8">
<attrib name="value" value="304"/></item>
<item name="F3" rev="8">
<attrib name="value" value="304"/></item>
<item name="F4" rev="8">
<attrib name="value" value="304"/></item>
<item name="G1" rev="8">
<attrib name="value" value="324"/></item>
<item name="G2" rev="8">
<attrib name="value" value="324"/></item>
<item name="G3" rev="8">
<attrib name="value" value="324"/></item>
<item name="G4" rev="8">
<attrib name="value" value="324"/></item>
<item name="SR" rev="8">
<attrib name="value" value="324"/></item>
<item name="X" rev="8">
<attrib name="value" value="304"/></item>
<item name="Y" rev="8">
<attrib name="value" value="44"/></item>
<item name="YQ" rev="8">
<attrib name="value" value="16"/></item>
</group>
<group name="SLICEL_F6MUX">
<item name="0" rev="8">
<attrib name="value" value="9"/></item>
<item name="1" rev="8">
<attrib name="value" value="9"/></item>
<item name="OUT" rev="8">
<attrib name="value" value="9"/></item>
<item name="S0" rev="8">
<attrib name="value" value="9"/></item>
</group>
<group name="RAMB16">
<item name="ADDRA1" rev="8">
<attrib name="value" value="16"/></item>
<item name="ADDRA10" rev="8">
<attrib name="value" value="17"/></item>
<item name="ADDRA11" rev="8">
<attrib name="value" value="17"/></item>
<item name="ADDRA12" rev="8">
<attrib name="value" value="17"/></item>
<item name="ADDRA13" rev="8">
<attrib name="value" value="17"/></item>
<item name="ADDRA2" rev="8">
<attrib name="value" value="16"/></item>
<item name="ADDRA3" rev="8">
<attrib name="value" value="16"/></item>
<item name="ADDRA4" rev="8">
<attrib name="value" value="16"/></item>
<item name="ADDRA5" rev="8">
<attrib name="value" value="17"/></item>
<item name="ADDRA6" rev="8">
<attrib name="value" value="17"/></item>
<item name="ADDRA7" rev="8">
<attrib name="value" value="17"/></item>
<item name="ADDRA8" rev="8">
<attrib name="value" value="17"/></item>
<item name="ADDRA9" rev="8">
<attrib name="value" value="17"/></item>
<item name="ADDRB1" rev="8">
<attrib name="value" value="16"/></item>
<item name="ADDRB10" rev="8">
<attrib name="value" value="17"/></item>
<item name="ADDRB11" rev="8">
<attrib name="value" value="17"/></item>
<item name="ADDRB12" rev="8">
<attrib name="value" value="17"/></item>
<item name="ADDRB13" rev="8">
<attrib name="value" value="17"/></item>
<item name="ADDRB2" rev="8">
<attrib name="value" value="16"/></item>
<item name="ADDRB3" rev="8">
<attrib name="value" value="16"/></item>
<item name="ADDRB4" rev="8">
<attrib name="value" value="16"/></item>
<item name="ADDRB5" rev="8">
<attrib name="value" value="17"/></item>
<item name="ADDRB6" rev="8">
<attrib name="value" value="17"/></item>
<item name="ADDRB7" rev="8">
<attrib name="value" value="17"/></item>
<item name="ADDRB8" rev="8">
<attrib name="value" value="17"/></item>
<item name="ADDRB9" rev="8">
<attrib name="value" value="17"/></item>
<item name="CLKA" rev="8">
<attrib name="value" value="17"/></item>
<item name="CLKB" rev="8">
<attrib name="value" value="17"/></item>
<item name="DIA0" rev="8">
<attrib name="value" value="17"/></item>
<item name="DIA1" rev="8">
<attrib name="value" value="17"/></item>
<item name="DIA10" rev="8">
<attrib name="value" value="1"/></item>
<item name="DIA11" rev="8">
<attrib name="value" value="1"/></item>
<item name="DIA12" rev="8">
<attrib name="value" value="1"/></item>
<item name="DIA13" rev="8">
<attrib name="value" value="1"/></item>
<item name="DIA14" rev="8">
<attrib name="value" value="1"/></item>
<item name="DIA15" rev="8">
<attrib name="value" value="1"/></item>
<item name="DIA16" rev="8">
<attrib name="value" value="1"/></item>
<item name="DIA17" rev="8">
<attrib name="value" value="1"/></item>
<item name="DIA18" rev="8">
<attrib name="value" value="1"/></item>
<item name="DIA19" rev="8">
<attrib name="value" value="1"/></item>
<item name="DIA2" rev="8">
<attrib name="value" value="1"/></item>
<item name="DIA20" rev="8">
<attrib name="value" value="1"/></item>
<item name="DIA21" rev="8">
<attrib name="value" value="1"/></item>
<item name="DIA22" rev="8">
<attrib name="value" value="1"/></item>
<item name="DIA23" rev="8">
<attrib name="value" value="1"/></item>
<item name="DIA24" rev="8">
<attrib name="value" value="1"/></item>
<item name="DIA25" rev="8">
<attrib name="value" value="1"/></item>
<item name="DIA26" rev="8">
<attrib name="value" value="1"/></item>
<item name="DIA27" rev="8">
<attrib name="value" value="1"/></item>
<item name="DIA28" rev="8">
<attrib name="value" value="1"/></item>
<item name="DIA29" rev="8">
<attrib name="value" value="1"/></item>
<item name="DIA3" rev="8">
<attrib name="value" value="1"/></item>
<item name="DIA30" rev="8">
<attrib name="value" value="1"/></item>
<item name="DIA31" rev="8">
<attrib name="value" value="1"/></item>
<item name="DIA4" rev="8">
<attrib name="value" value="1"/></item>
<item name="DIA5" rev="8">
<attrib name="value" value="1"/></item>
<item name="DIA6" rev="8">
<attrib name="value" value="1"/></item>
<item name="DIA7" rev="8">
<attrib name="value" value="1"/></item>
<item name="DIA8" rev="8">
<attrib name="value" value="1"/></item>
<item name="DIA9" rev="8">
<attrib name="value" value="1"/></item>
<item name="DIPA0" rev="8">
<attrib name="value" value="1"/></item>
<item name="DIPA1" rev="8">
<attrib name="value" value="1"/></item>
<item name="DIPA2" rev="8">
<attrib name="value" value="1"/></item>
<item name="DIPA3" rev="8">
<attrib name="value" value="1"/></item>
<item name="DOA0" rev="8">
<attrib name="value" value="16"/></item>
<item name="DOA1" rev="8">
<attrib name="value" value="16"/></item>
<item name="DOB0" rev="8">
<attrib name="value" value="17"/></item>
<item name="DOB1" rev="8">
<attrib name="value" value="17"/></item>
<item name="DOB2" rev="8">
<attrib name="value" value="1"/></item>
<item name="DOB23" rev="8">
<attrib name="value" value="1"/></item>
<item name="DOB24" rev="8">
<attrib name="value" value="1"/></item>
<item name="DOB25" rev="8">
<attrib name="value" value="1"/></item>
<item name="DOB26" rev="8">
<attrib name="value" value="1"/></item>
<item name="DOB27" rev="8">
<attrib name="value" value="1"/></item>
<item name="DOB28" rev="8">
<attrib name="value" value="1"/></item>
<item name="DOB29" rev="8">
<attrib name="value" value="1"/></item>
<item name="DOB3" rev="8">
<attrib name="value" value="1"/></item>
<item name="DOB30" rev="8">
<attrib name="value" value="1"/></item>
<item name="DOB31" rev="8">
<attrib name="value" value="1"/></item>
<item name="DOB4" rev="8">
<attrib name="value" value="1"/></item>
<item name="DOB5" rev="8">
<attrib name="value" value="1"/></item>
<item name="DOB6" rev="8">
<attrib name="value" value="1"/></item>
<item name="ENA" rev="8">
<attrib name="value" value="17"/></item>
<item name="ENB" rev="8">
<attrib name="value" value="17"/></item>
<item name="SSRA" rev="8">
<attrib name="value" value="17"/></item>
<item name="SSRB" rev="8">
<attrib name="value" value="17"/></item>
<item name="WEA" rev="8">
<attrib name="value" value="17"/></item>
<item name="WEB" rev="8">
<attrib name="value" value="17"/></item>
</group>
<group name="IOB_OFF1">
<item name="CE" rev="8">
<attrib name="value" value="16"/></item>
<item name="CK" rev="8">
<attrib name="value" value="18"/></item>
<item name="D" rev="8">
<attrib name="value" value="18"/></item>
<item name="Q" rev="8">
<attrib name="value" value="18"/></item>
<item name="SR" rev="8">
<attrib name="value" value="18"/></item>
</group>
<group name="IOB_OUTBUF">
<item name="IN" rev="8">
<attrib name="value" value="28"/></item>
<item name="OUT" rev="8">
<attrib name="value" value="28"/></item>
<item name="TRI" rev="8">
<attrib name="value" value="16"/></item>
</group>
<group name="RAMB16_RAMB16A">
<item name="ADDRA" rev="8">
<attrib name="value" value="17"/></item>
<item name="ADDRA1" rev="8">
<attrib name="value" value="16"/></item>
<item name="ADDRA10" rev="8">
<attrib name="value" value="17"/></item>
<item name="ADDRA11" rev="8">
<attrib name="value" value="17"/></item>
<item name="ADDRA12" rev="8">
<attrib name="value" value="17"/></item>
<item name="ADDRA13" rev="8">
<attrib name="value" value="17"/></item>
<item name="ADDRA2" rev="8">
<attrib name="value" value="16"/></item>
<item name="ADDRA3" rev="8">
<attrib name="value" value="16"/></item>
<item name="ADDRA4" rev="8">
<attrib name="value" value="16"/></item>
<item name="ADDRA5" rev="8">
<attrib name="value" value="17"/></item>
<item name="ADDRA6" rev="8">
<attrib name="value" value="17"/></item>
<item name="ADDRA7" rev="8">
<attrib name="value" value="17"/></item>
<item name="ADDRA8" rev="8">
<attrib name="value" value="17"/></item>
<item name="ADDRA9" rev="8">
<attrib name="value" value="17"/></item>
<item name="CLKA" rev="8">
<attrib name="value" value="17"/></item>
<item name="DIA" rev="8">
<attrib name="value" value="17"/></item>
<item name="DIA0" rev="8">
<attrib name="value" value="17"/></item>
<item name="DIA1" rev="8">
<attrib name="value" value="17"/></item>
<item name="DIA10" rev="8">
<attrib name="value" value="1"/></item>
<item name="DIA11" rev="8">
<attrib name="value" value="1"/></item>
<item name="DIA12" rev="8">
<attrib name="value" value="1"/></item>
<item name="DIA13" rev="8">
<attrib name="value" value="1"/></item>
<item name="DIA14" rev="8">
<attrib name="value" value="1"/></item>
<item name="DIA15" rev="8">
<attrib name="value" value="1"/></item>
<item name="DIA16" rev="8">
<attrib name="value" value="1"/></item>
<item name="DIA17" rev="8">
<attrib name="value" value="1"/></item>
<item name="DIA18" rev="8">
<attrib name="value" value="1"/></item>
<item name="DIA19" rev="8">
<attrib name="value" value="1"/></item>
<item name="DIA2" rev="8">
<attrib name="value" value="1"/></item>
<item name="DIA20" rev="8">
<attrib name="value" value="1"/></item>
<item name="DIA21" rev="8">
<attrib name="value" value="1"/></item>
<item name="DIA22" rev="8">
<attrib name="value" value="1"/></item>
<item name="DIA23" rev="8">
<attrib name="value" value="1"/></item>
<item name="DIA24" rev="8">
<attrib name="value" value="1"/></item>
<item name="DIA25" rev="8">
<attrib name="value" value="1"/></item>
<item name="DIA26" rev="8">
<attrib name="value" value="1"/></item>
<item name="DIA27" rev="8">
<attrib name="value" value="1"/></item>
<item name="DIA28" rev="8">
<attrib name="value" value="1"/></item>
<item name="DIA29" rev="8">
<attrib name="value" value="1"/></item>
<item name="DIA3" rev="8">
<attrib name="value" value="1"/></item>
<item name="DIA30" rev="8">
<attrib name="value" value="1"/></item>
<item name="DIA31" rev="8">
<attrib name="value" value="1"/></item>
<item name="DIA4" rev="8">
<attrib name="value" value="1"/></item>
<item name="DIA5" rev="8">
<attrib name="value" value="1"/></item>
<item name="DIA6" rev="8">
<attrib name="value" value="1"/></item>
<item name="DIA7" rev="8">
<attrib name="value" value="1"/></item>
<item name="DIA8" rev="8">
<attrib name="value" value="1"/></item>
<item name="DIA9" rev="8">
<attrib name="value" value="1"/></item>
<item name="DIPA0" rev="8">
<attrib name="value" value="1"/></item>
<item name="DIPA1" rev="8">
<attrib name="value" value="1"/></item>
<item name="DIPA2" rev="8">
<attrib name="value" value="1"/></item>
<item name="DIPA3" rev="8">
<attrib name="value" value="1"/></item>
<item name="DOA" rev="8">
<attrib name="value" value="17"/></item>
<item name="DOA0" rev="8">
<attrib name="value" value="16"/></item>
<item name="DOA1" rev="8">
<attrib name="value" value="16"/></item>
<item name="ENA" rev="8">
<attrib name="value" value="17"/></item>
<item name="SSRA" rev="8">
<attrib name="value" value="17"/></item>
<item name="WEA" rev="8">
<attrib name="value" value="17"/></item>
</group>
<group name="RAMB16_RAMB16B">
<item name="ADDRB" rev="8">
<attrib name="value" value="17"/></item>
<item name="ADDRB1" rev="8">
<attrib name="value" value="16"/></item>
<item name="ADDRB10" rev="8">
<attrib name="value" value="17"/></item>
<item name="ADDRB11" rev="8">
<attrib name="value" value="17"/></item>
<item name="ADDRB12" rev="8">
<attrib name="value" value="17"/></item>
<item name="ADDRB13" rev="8">
<attrib name="value" value="17"/></item>
<item name="ADDRB2" rev="8">
<attrib name="value" value="16"/></item>
<item name="ADDRB3" rev="8">
<attrib name="value" value="16"/></item>
<item name="ADDRB4" rev="8">
<attrib name="value" value="16"/></item>
<item name="ADDRB5" rev="8">
<attrib name="value" value="17"/></item>
<item name="ADDRB6" rev="8">
<attrib name="value" value="17"/></item>
<item name="ADDRB7" rev="8">
<attrib name="value" value="17"/></item>
<item name="ADDRB8" rev="8">
<attrib name="value" value="17"/></item>
<item name="ADDRB9" rev="8">
<attrib name="value" value="17"/></item>
<item name="CLKB" rev="8">
<attrib name="value" value="17"/></item>
<item name="DIB" rev="8">
<attrib name="value" value="17"/></item>
<item name="DOB" rev="8">
<attrib name="value" value="17"/></item>
<item name="DOB0" rev="8">
<attrib name="value" value="17"/></item>
<item name="DOB1" rev="8">
<attrib name="value" value="17"/></item>
<item name="DOB2" rev="8">
<attrib name="value" value="1"/></item>
<item name="DOB23" rev="8">
<attrib name="value" value="1"/></item>
<item name="DOB24" rev="8">
<attrib name="value" value="1"/></item>
<item name="DOB25" rev="8">
<attrib name="value" value="1"/></item>
<item name="DOB26" rev="8">
<attrib name="value" value="1"/></item>
<item name="DOB27" rev="8">
<attrib name="value" value="1"/></item>
<item name="DOB28" rev="8">
<attrib name="value" value="1"/></item>
<item name="DOB29" rev="8">
<attrib name="value" value="1"/></item>
<item name="DOB3" rev="8">
<attrib name="value" value="1"/></item>
<item name="DOB30" rev="8">
<attrib name="value" value="1"/></item>
<item name="DOB31" rev="8">
<attrib name="value" value="1"/></item>
<item name="DOB4" rev="8">
<attrib name="value" value="1"/></item>
<item name="DOB5" rev="8">
<attrib name="value" value="1"/></item>
<item name="DOB6" rev="8">
<attrib name="value" value="1"/></item>
<item name="ENB" rev="8">
<attrib name="value" value="17"/></item>
<item name="SSRB" rev="8">
<attrib name="value" value="17"/></item>
<item name="WEB" rev="8">
<attrib name="value" value="17"/></item>
</group>
<group name="IOB_IFF1">
<item name="CK" rev="8">
<attrib name="value" value="2"/></item>
<item name="D" rev="8">
<attrib name="value" value="2"/></item>
<item name="Q" rev="8">
<attrib name="value" value="2"/></item>
<item name="SR" rev="8">
<attrib name="value" value="1"/></item>
</group>
<group name="IOB_IFF2">
<item name="CK" rev="8">
<attrib name="value" value="1"/></item>
<item name="D" rev="8">
<attrib name="value" value="1"/></item>
<item name="Q" rev="8">
<attrib name="value" value="1"/></item>
</group>
<group name="IOB_DELAY">
<item name="IN" rev="8">
<attrib name="value" value="2"/></item>
<item name="OUT" rev="8">
<attrib name="value" value="2"/></item>
</group>
<group name="SLICEL_VDDF">
<item name="1" rev="8">
<attrib name="value" value="1"/></item>
</group>
<group name="SLICEL_VDDG">
<item name="1" rev="8">
<attrib name="value" value="2"/></item>
</group>
<group name="MULT18X18">
<item name="A0" rev="8">
<attrib name="value" value="3"/></item>
<item name="A1" rev="8">
<attrib name="value" value="3"/></item>
<item name="A10" rev="8">
<attrib name="value" value="3"/></item>
<item name="A11" rev="8">
<attrib name="value" value="3"/></item>
<item name="A12" rev="8">
<attrib name="value" value="3"/></item>
<item name="A13" rev="8">
<attrib name="value" value="3"/></item>
<item name="A14" rev="8">
<attrib name="value" value="3"/></item>
<item name="A15" rev="8">
<attrib name="value" value="3"/></item>
<item name="A16" rev="8">
<attrib name="value" value="3"/></item>
<item name="A17" rev="8">
<attrib name="value" value="3"/></item>
<item name="A2" rev="8">
<attrib name="value" value="3"/></item>
<item name="A3" rev="8">
<attrib name="value" value="3"/></item>
<item name="A4" rev="8">
<attrib name="value" value="3"/></item>
<item name="A5" rev="8">
<attrib name="value" value="3"/></item>
<item name="A6" rev="8">
<attrib name="value" value="3"/></item>
<item name="A7" rev="8">
<attrib name="value" value="3"/></item>
<item name="A8" rev="8">
<attrib name="value" value="3"/></item>
<item name="A9" rev="8">
<attrib name="value" value="3"/></item>
<item name="B0" rev="8">
<attrib name="value" value="3"/></item>
<item name="B1" rev="8">
<attrib name="value" value="3"/></item>
<item name="B10" rev="8">
<attrib name="value" value="3"/></item>
<item name="B11" rev="8">
<attrib name="value" value="3"/></item>
<item name="B12" rev="8">
<attrib name="value" value="3"/></item>
<item name="B13" rev="8">
<attrib name="value" value="3"/></item>
<item name="B14" rev="8">
<attrib name="value" value="3"/></item>
<item name="B15" rev="8">
<attrib name="value" value="3"/></item>
<item name="B16" rev="8">
<attrib name="value" value="3"/></item>
<item name="B17" rev="8">
<attrib name="value" value="3"/></item>
<item name="B2" rev="8">
<attrib name="value" value="3"/></item>
<item name="B3" rev="8">
<attrib name="value" value="3"/></item>
<item name="B4" rev="8">
<attrib name="value" value="3"/></item>
<item name="B5" rev="8">
<attrib name="value" value="3"/></item>
<item name="B6" rev="8">
<attrib name="value" value="3"/></item>
<item name="B7" rev="8">
<attrib name="value" value="3"/></item>
<item name="B8" rev="8">
<attrib name="value" value="3"/></item>
<item name="B9" rev="8">
<attrib name="value" value="3"/></item>
<item name="CE" rev="8">
<attrib name="value" value="3"/></item>
<item name="CLK" rev="8">
<attrib name="value" value="3"/></item>
<item name="P0" rev="8">
<attrib name="value" value="3"/></item>
<item name="P1" rev="8">
<attrib name="value" value="3"/></item>
<item name="P10" rev="8">
<attrib name="value" value="3"/></item>
<item name="P11" rev="8">
<attrib name="value" value="3"/></item>
<item name="P12" rev="8">
<attrib name="value" value="3"/></item>
<item name="P13" rev="8">
<attrib name="value" value="3"/></item>
<item name="P14" rev="8">
<attrib name="value" value="3"/></item>
<item name="P15" rev="8">
<attrib name="value" value="3"/></item>
<item name="P16" rev="8">
<attrib name="value" value="1"/></item>
<item name="P17" rev="8">
<attrib name="value" value="1"/></item>
<item name="P18" rev="8">
<attrib name="value" value="1"/></item>
<item name="P19" rev="8">
<attrib name="value" value="1"/></item>
<item name="P2" rev="8">
<attrib name="value" value="3"/></item>
<item name="P20" rev="8">
<attrib name="value" value="1"/></item>
<item name="P21" rev="8">
<attrib name="value" value="1"/></item>
<item name="P22" rev="8">
<attrib name="value" value="1"/></item>
<item name="P23" rev="8">
<attrib name="value" value="1"/></item>
<item name="P24" rev="8">
<attrib name="value" value="1"/></item>
<item name="P25" rev="8">
<attrib name="value" value="1"/></item>
<item name="P26" rev="8">
<attrib name="value" value="1"/></item>
<item name="P27" rev="8">
<attrib name="value" value="1"/></item>
<item name="P28" rev="8">
<attrib name="value" value="1"/></item>
<item name="P29" rev="8">
<attrib name="value" value="1"/></item>
<item name="P3" rev="8">
<attrib name="value" value="3"/></item>
<item name="P30" rev="8">
<attrib name="value" value="1"/></item>
<item name="P31" rev="8">
<attrib name="value" value="1"/></item>
<item name="P4" rev="8">
<attrib name="value" value="3"/></item>
<item name="P5" rev="8">
<attrib name="value" value="3"/></item>
<item name="P6" rev="8">
<attrib name="value" value="3"/></item>
<item name="P7" rev="8">
<attrib name="value" value="3"/></item>
<item name="P8" rev="8">
<attrib name="value" value="3"/></item>
<item name="P9" rev="8">
<attrib name="value" value="3"/></item>
<item name="RST" rev="8">
<attrib name="value" value="3"/></item>
</group>
<group name="IOB_INBUF">
<item name="IN" rev="8">
<attrib name="value" value="21"/></item>
<item name="OUT" rev="8">
<attrib name="value" value="21"/></item>
</group>
<group name="SLICEL_C2VDD">
<item name="1" rev="8">
<attrib name="value" value="5"/></item>
</group>
<group name="SLICEL_XORF">
<item name="0" rev="8">
<attrib name="value" value="121"/></item>
<item name="1" rev="8">
<attrib name="value" value="121"/></item>
<item name="O" rev="8">
<attrib name="value" value="121"/></item>
</group>
<group name="SLICEL_FFX">
<item name="CE" rev="8">
<attrib name="value" value="402"/></item>
<item name="CK" rev="8">
<attrib name="value" value="655"/></item>
<item name="D" rev="8">
<attrib name="value" value="655"/></item>
<item name="Q" rev="8">
<attrib name="value" value="655"/></item>
<item name="REV" rev="8">
<attrib name="value" value="6"/></item>
<item name="SR" rev="8">
<attrib name="value" value="633"/></item>
</group>
<group name="SLICEL_FFY">
<item name="CE" rev="8">
<attrib name="value" value="437"/></item>
<item name="CK" rev="8">
<attrib name="value" value="789"/></item>
<item name="D" rev="8">
<attrib name="value" value="789"/></item>
<item name="Q" rev="8">
<attrib name="value" value="789"/></item>
<item name="REV" rev="8">
<attrib name="value" value="15"/></item>
<item name="SR" rev="8">
<attrib name="value" value="767"/></item>
</group>
<group name="SLICEL_XORG">
<item name="0" rev="8">
<attrib name="value" value="119"/></item>
<item name="1" rev="8">
<attrib name="value" value="119"/></item>
<item name="O" rev="8">
<attrib name="value" value="119"/></item>
</group>
<group name="BUFGMUX_GCLKMUX">
<item name="I0" rev="8">
<attrib name="value" value="2"/></item>
<item name="OUT" rev="8">
<attrib name="value" value="2"/></item>
<item name="S" rev="8">
<attrib name="value" value="2"/></item>
</group>
<group name="SLICEL_F5MUX">
<item name="F" rev="8">
<attrib name="value" value="315"/></item>
<item name="G" rev="8">
<attrib name="value" value="315"/></item>
<item name="OUT" rev="8">
<attrib name="value" value="315"/></item>
<item name="S0" rev="8">
<attrib name="value" value="315"/></item>
</group>
<group name="SLICEL_GAND">
<item name="0" rev="8">
<attrib name="value" value="17"/></item>
<item name="1" rev="8">
<attrib name="value" value="17"/></item>
<item name="O" rev="8">
<attrib name="value" value="17"/></item>
</group>
<group name="SLICEM_WSGEN">
<item name="CK" rev="8">
<attrib name="value" value="324"/></item>
<item name="WE" rev="8">
<attrib name="value" value="324"/></item>
<item name="WSF" rev="8">
<attrib name="value" value="304"/></item>
<item name="WSG" rev="8">
<attrib name="value" value="324"/></item>
</group>
<group name="SLICEM_FFY">
<item name="CK" rev="8">
<attrib name="value" value="16"/></item>
<item name="D" rev="8">
<attrib name="value" value="16"/></item>
<item name="Q" rev="8">
<attrib name="value" value="16"/></item>
</group>
<group name="IOB_PAD">
<item name="PAD" rev="8">
<attrib name="value" value="33"/></item>
</group>
<group name="IOB">
<item name="I" rev="8">
<attrib name="value" value="20"/></item>
<item name="ICLK1" rev="8">
<attrib name="value" value="2"/></item>
<item name="ICLK2" rev="8">
<attrib name="value" value="1"/></item>
<item name="IQ1" rev="8">
<attrib name="value" value="2"/></item>
<item name="IQ2" rev="8">
<attrib name="value" value="1"/></item>
<item name="O1" rev="8">
<attrib name="value" value="28"/></item>
<item name="OCE" rev="8">
<attrib name="value" value="16"/></item>
<item name="OTCLK1" rev="8">
<attrib name="value" value="18"/></item>
<item name="PAD" rev="8">
<attrib name="value" value="33"/></item>
<item name="SR" rev="8">
<attrib name="value" value="19"/></item>
<item name="T1" rev="8">
<attrib name="value" value="16"/></item>
</group>
<group name="SLICEL_C1VDD">
<item name="1" rev="8">
<attrib name="value" value="6"/></item>
</group>
<group name="BUFGMUX">
<item name="I0" rev="8">
<attrib name="value" value="2"/></item>
<item name="O" rev="8">
<attrib name="value" value="2"/></item>
<item name="S" rev="8">
<attrib name="value" value="2"/></item>
</group>
<group name="SLICEL_FAND">
<item name="0" rev="8">
<attrib name="value" value="16"/></item>
<item name="1" rev="8">
<attrib name="value" value="16"/></item>
<item name="O" rev="8">
<attrib name="value" value="16"/></item>
</group>
<group name="SLICEL_F">
<item name="A1" rev="8">
<attrib name="value" value="984"/></item>
<item name="A2" rev="8">
<attrib name="value" value="951"/></item>
<item name="A3" rev="8">
<attrib name="value" value="850"/></item>
<item name="A4" rev="8">
<attrib name="value" value="460"/></item>
<item name="D" rev="8">
<attrib name="value" value="1019"/></item>
</group>
<group name="SLICEL_G">
<item name="A1" rev="8">
<attrib name="value" value="1139"/></item>
<item name="A2" rev="8">
<attrib name="value" value="1115"/></item>
<item name="A3" rev="8">
<attrib name="value" value="890"/></item>
<item name="A4" rev="8">
<attrib name="value" value="444"/></item>
<item name="D" rev="8">
<attrib name="value" value="1155"/></item>
</group>
<group name="RAMB16_RAMB16">
<item name="ADDRA" rev="8">
<attrib name="value" value="17"/></item>
<item name="ADDRB" rev="8">
<attrib name="value" value="17"/></item>
<item name="DIA" rev="8">
<attrib name="value" value="17"/></item>
<item name="DIB" rev="8">
<attrib name="value" value="17"/></item>
<item name="DOA" rev="8">
<attrib name="value" value="17"/></item>
<item name="DOB" rev="8">
<attrib name="value" value="17"/></item>
</group>
<group name="SLICEL_GNDF">
<item name="0" rev="8">
<attrib name="value" value="106"/></item>
</group>
<group name="SLICEL_GNDG">
<item name="0" rev="8">
<attrib name="value" value="98"/></item>
</group>
</ReportPinData>
<CmdHistory>
</CmdHistory>
</DeviceUsageSummary>
