
<RENDERBATCH>

  <RENDERIMG RASNAME="U:\hlocal\temp\SE\practica04\SDK\SDK_Export\hw\imgs\microblaze_0.jpg" SVGNAME="U:\hlocal\temp\SE\practica04\SDK\SDK_Export\hw\imgs\microblaze_0.svg" TMPSVGFN="U:\hlocal\temp\SE\practica04\__xps\.dswkshop\microblaze_0.svg"/>

  <RENDERIMG RASNAME="U:\hlocal\temp\SE\practica04\SDK\SDK_Export\hw\imgs\plb_v46_0.jpg" SVGNAME="U:\hlocal\temp\SE\practica04\SDK\SDK_Export\hw\imgs\plb_v46_0.svg" TMPSVGFN="U:\hlocal\temp\SE\practica04\__xps\.dswkshop\plb_v46_0.svg"/>

  <RENDERIMG RASNAME="U:\hlocal\temp\SE\practica04\SDK\SDK_Export\hw\imgs\xps_bram_if_cntlr_0.jpg" SVGNAME="U:\hlocal\temp\SE\practica04\SDK\SDK_Export\hw\imgs\xps_bram_if_cntlr_0.svg" TMPSVGFN="U:\hlocal\temp\SE\practica04\__xps\.dswkshop\xps_bram_if_cntlr_0.svg"/>

  <RENDERIMG RASNAME="U:\hlocal\temp\SE\practica04\SDK\SDK_Export\hw\imgs\bram_block_0.jpg" SVGNAME="U:\hlocal\temp\SE\practica04\SDK\SDK_Export\hw\imgs\bram_block_0.svg" TMPSVGFN="U:\hlocal\temp\SE\practica04\__xps\.dswkshop\bram_block_0.svg"/>

  <RENDERIMG RASNAME="U:\hlocal\temp\SE\practica04\SDK\SDK_Export\hw\imgs\xps_gpio_LEDS.jpg" SVGNAME="U:\hlocal\temp\SE\practica04\SDK\SDK_Export\hw\imgs\xps_gpio_LEDS.svg" TMPSVGFN="U:\hlocal\temp\SE\practica04\__xps\.dswkshop\xps_gpio_LEDS.svg"/>

  <RENDERIMG RASNAME="U:\hlocal\temp\SE\practica04\SDK\SDK_Export\hw\imgs\xps_uartlite_0.jpg" SVGNAME="U:\hlocal\temp\SE\practica04\SDK\SDK_Export\hw\imgs\xps_uartlite_0.svg" TMPSVGFN="U:\hlocal\temp\SE\practica04\__xps\.dswkshop\xps_uartlite_0.svg"/>

  <RENDERIMG RASNAME="U:\hlocal\temp\SE\practica04\SDK\SDK_Export\hw\imgs\xps_gpio_SW.jpg" SVGNAME="U:\hlocal\temp\SE\practica04\SDK\SDK_Export\hw\imgs\xps_gpio_SW.svg" TMPSVGFN="U:\hlocal\temp\SE\practica04\__xps\.dswkshop\xps_gpio_SW.svg"/>

  <RENDERIMG RASNAME="U:\hlocal\temp\SE\practica04\SDK\SDK_Export\hw\imgs\pantalla_0.jpg" SVGNAME="U:\hlocal\temp\SE\practica04\SDK\SDK_Export\hw\imgs\pantalla_0.svg" TMPSVGFN="U:\hlocal\temp\SE\practica04\__xps\.dswkshop\pantalla_0.svg"/>

  <RENDERIMG RASNAME="U:\hlocal\temp\SE\practica04\SDK\SDK_Export\hw\imgs\practica04_blkd.jpg" SVGNAME="U:\hlocal\temp\SE\practica04\SDK\SDK_Export\hw\imgs\practica04_blkd.svg" TMPSVGFN="U:\hlocal\temp\SE\practica04\__xps\.dswkshop\practica04_blkd.svg"/>

</RENDERBATCH>