
<RENDERBATCH>

  <RENDERIMG RASNAME="C:\Users\aluqu\Desktop\uni\SE\practica05\SDK\SDK_Export\hw\imgs\microblaze_0.jpg" SVGNAME="C:\Users\aluqu\Desktop\uni\SE\practica05\SDK\SDK_Export\hw\imgs\microblaze_0.svg" TMPSVGFN="C:\Users\aluqu\Desktop\uni\SE\practica05\__xps\.dswkshop\microblaze_0.svg"/>

  <RENDERIMG RASNAME="C:\Users\aluqu\Desktop\uni\SE\practica05\SDK\SDK_Export\hw\imgs\plb_v46_0.jpg" SVGNAME="C:\Users\aluqu\Desktop\uni\SE\practica05\SDK\SDK_Export\hw\imgs\plb_v46_0.svg" TMPSVGFN="C:\Users\aluqu\Desktop\uni\SE\practica05\__xps\.dswkshop\plb_v46_0.svg"/>

  <RENDERIMG RASNAME="C:\Users\aluqu\Desktop\uni\SE\practica05\SDK\SDK_Export\hw\imgs\xps_bram_if_cntlr_0.jpg" SVGNAME="C:\Users\aluqu\Desktop\uni\SE\practica05\SDK\SDK_Export\hw\imgs\xps_bram_if_cntlr_0.svg" TMPSVGFN="C:\Users\aluqu\Desktop\uni\SE\practica05\__xps\.dswkshop\xps_bram_if_cntlr_0.svg"/>

  <RENDERIMG RASNAME="C:\Users\aluqu\Desktop\uni\SE\practica05\SDK\SDK_Export\hw\imgs\bram_block_0.jpg" SVGNAME="C:\Users\aluqu\Desktop\uni\SE\practica05\SDK\SDK_Export\hw\imgs\bram_block_0.svg" TMPSVGFN="C:\Users\aluqu\Desktop\uni\SE\practica05\__xps\.dswkshop\bram_block_0.svg"/>

  <RENDERIMG RASNAME="C:\Users\aluqu\Desktop\uni\SE\practica05\SDK\SDK_Export\hw\imgs\xps_uartlite_0.jpg" SVGNAME="C:\Users\aluqu\Desktop\uni\SE\practica05\SDK\SDK_Export\hw\imgs\xps_uartlite_0.svg" TMPSVGFN="C:\Users\aluqu\Desktop\uni\SE\practica05\__xps\.dswkshop\xps_uartlite_0.svg"/>

  <RENDERIMG RASNAME="C:\Users\aluqu\Desktop\uni\SE\practica05\SDK\SDK_Export\hw\imgs\keypad_0.jpg" SVGNAME="C:\Users\aluqu\Desktop\uni\SE\practica05\SDK\SDK_Export\hw\imgs\keypad_0.svg" TMPSVGFN="C:\Users\aluqu\Desktop\uni\SE\practica05\__xps\.dswkshop\keypad_0.svg"/>

  <RENDERIMG RASNAME="C:\Users\aluqu\Desktop\uni\SE\practica05\SDK\SDK_Export\hw\imgs\leds_rgb_0.jpg" SVGNAME="C:\Users\aluqu\Desktop\uni\SE\practica05\SDK\SDK_Export\hw\imgs\leds_rgb_0.svg" TMPSVGFN="C:\Users\aluqu\Desktop\uni\SE\practica05\__xps\.dswkshop\leds_rgb_0.svg"/>

  <RENDERIMG RASNAME="C:\Users\aluqu\Desktop\uni\SE\practica05\SDK\SDK_Export\hw\imgs\banner_0.jpg" SVGNAME="C:\Users\aluqu\Desktop\uni\SE\practica05\SDK\SDK_Export\hw\imgs\banner_0.svg" TMPSVGFN="C:\Users\aluqu\Desktop\uni\SE\practica05\__xps\.dswkshop\banner_0.svg"/>

  <RENDERIMG RASNAME="C:\Users\aluqu\Desktop\uni\SE\practica05\SDK\SDK_Export\hw\imgs\practica05_blkd.jpg" SVGNAME="C:\Users\aluqu\Desktop\uni\SE\practica05\SDK\SDK_Export\hw\imgs\practica05_blkd.svg" TMPSVGFN="C:\Users\aluqu\Desktop\uni\SE\practica05\__xps\.dswkshop\practica05_blkd.svg"/>

</RENDERBATCH>